name,vn_kv,ikss_ka,skss_mw,ik_pf_ka,sk_pf_mva,ik_abs_error_ka,ik_rel_error_percent,sk_abs_error_mva,sk_rel_error_percent
Bus 1,16.5,58.196183511207224,1663.1793196922154,57.012,1629.3,1.1841835112072232,2.0770776524367207,33.879319692215404,2.0793788554726205
Bus 2,18.0,46.53666734286323,1450.8697005498682,47.749,1488.7,-1.2123326571367699,-2.538969731589708,-37.83029945013186,-2.5411633942454395
Bus 8,230.0,2.4642657165132675,981.6936876007537,2.455,978.2,0.009265716513267463,0.3774222612328906,3.493687600753674,0.3571547332604451
Bus 9,230.0,2.7919529922325848,1112.235020024882,2.771,1104.0,0.020952992232584844,0.7561527330416761,8.235020024882033,0.7459257268914885
Bus 3,13.800000190734863,48.426736331584706,1157.5104512388164,48.364,1156.0,0.06273633158470915,0.12971700352474805,1.5104512388163585,0.1306618718699272
Bus 6,230.0,2.190904625422418,872.7943689269362,2.146,855.0,0.04490462542241813,2.092480215396931,17.79436892693616,2.0812127399925333
Bus 4,230.0,3.190094026262465,1270.8431349139673,3.053,1216.2,0.13709402626246492,4.490469251964131,54.64313491396729,4.492939887680257
Bus 5,230.0,2.300912143550826,916.6182493679163,2.256,898.7,0.0449121435508264,1.990786504912518,17.918249367916246,1.993796524748664
Bus 7,230.0,3.082775192125546,1228.090350047101,3.081,1227.4,0.001775192125545999,0.057617401023888314,0.690350047100992,0.05624491177293401
